"","Wells","Signal","Condition","Rep","L_Concentration","D_Concentration","Plate_ID","Exp_Date","TF_booster"
"1","C01",34134,"D",1,"0uM","10uM","BIC_luc","2017_10_13B","NO"
"2","C10",646,"NO treat",1,"0uM","0uM","BIC_luc","2017_10_13B","NO"
"3","C11",3605753,"Post Cntrl",1,"0","0","BIC_luc","2017_10_13B","NO"
"4","C12",22437,"Neg Cntrl",1,"0","0","BIC_luc","2017_10_13B","NO"
"5","D01",23948,"D",2,"0uM","10uM","BIC_luc","2017_10_13B","NO"
"6","D10",4165,"NO treat",2,"0uM","0uM","BIC_luc","2017_10_13B","NO"
"7","D11",3793695,"Post Cntrl",2,"0","0","BIC_luc","2017_10_13B","NO"
"8","D12",21686,"Neg Cntrl",2,"0","0","BIC_luc","2017_10_13B","NO"
"9","E01",23132,"D",3,"0uM","10uM","BIC_luc","2017_10_13B","NO"
"10","E10",5202,"NO treat",3,"0uM","0uM","BIC_luc","2017_10_13B","NO"
"11","E11",3562927,"Post Cntrl",3,"0","0","BIC_luc","2017_10_13B","NO"
"12","E12",21426,"Neg Cntrl",3,"0","0","BIC_luc","2017_10_13B","NO"
"13","F01",23768,"D",4,"0uM","10uM","BIC_luc","2017_10_13B","NO"
"14","F10",5586,"NO treat",4,"0uM","0uM","BIC_luc","2017_10_13B","NO"
"15","F11",1738094,"Post Cntrl",4,"0","0","BIC_luc","2017_10_13B","NO"
"16","F12",19038,"Neg Cntrl",4,"0","0","BIC_luc","2017_10_13B","NO"
"17","G01",334529,"D+L",1,"1nM","10uM","BIC_luc","2017_10_13B","NO"
"18","G02",304161,"D+L",2,"1nM","10uM","BIC_luc","2017_10_13B","NO"
"19","G03",327884,"D+L",3,"1nM","10uM","BIC_luc","2017_10_13B","NO"
"20","G04",284332,"D+L",4,"1nM","10uM","BIC_luc","2017_10_13B","NO"
"21","G05",349042,"L",1,"1nM","0uM","BIC_luc","2017_10_13B","NO"
"22","G06",454167,"L",2,"1nM","0uM","BIC_luc","2017_10_13B","NO"
"23","G07",317552,"L",3,"1nM","0uM","BIC_luc","2017_10_13B","NO"
"24","G08",242546,"L",4,"1nM","0uM","BIC_luc","2017_10_13B","NO"
"25","G10",3185,"Blank",1,"0","0","BIC_luc","2017_10_13B","NO"
"26","G11",3094,"Blank",2,"0","0","BIC_luc","2017_10_13B","NO"
"27","G12",2652,"Blank",3,"0","0","BIC_luc","2017_10_13B","NO"
"28","C01",12636,"D",1,"0uM","10uM","BIC_luc","2017_09_29","NO"
"29","C03",50004,"D+L",1,"1nM","10uM","BIC_luc","2017_09_29","NO"
"30","C07",43740,"L",1,"1nM","10uM","BIC_luc","2017_09_29","NO"
"31","C10",8823,"NO treat",1,"0uM","0uM","BIC_luc","2017_09_29","NO"
"32","C11",1233436,"Post Cntrl",1,"0","0","BIC_luc","2017_09_29","NO"
"33","C12",19416,"Neg Cntrl",1,"0","0","BIC_luc","2017_09_29","NO"
"34","D01",11164,"D",2,"0uM","10uM","BIC_luc","2017_09_29","NO"
"35","D03",41671,"D+L",2,"1nM","10uM","BIC_luc","2017_09_29","NO"
"36","D07",35037,"L",2,"1nM","10uM","BIC_luc","2017_09_29","NO"
"37","D10",8323,"NO treat",2,"0uM","0uM","BIC_luc","2017_09_29","NO"
"38","D11",930483,"Post Cntrl",2,"0","0","BIC_luc","2017_09_29","NO"
"39","D12",15390,"Neg Cntrl",2,"0","0","BIC_luc","2017_09_29","NO"
"40","E01",10557,"D",3,"0uM","10uM","BIC_luc","2017_09_29","NO"
"41","E03",46368,"D+L",3,"1nM","10uM","BIC_luc","2017_09_29","NO"
"42","E07",35018,"L",3,"1nM","10uM","BIC_luc","2017_09_29","NO"
"43","E10",8251,"NO treat",3,"0uM","0uM","BIC_luc","2017_09_29","NO"
"44","E11",533127,"Post Cntrl",3,"0","0","BIC_luc","2017_09_29","NO"
"45","E12",13259,"Neg Cntrl",3,"0","0","BIC_luc","2017_09_29","NO"
"46","F01",13043,"D",4,"0uM","10uM","BIC_luc","2017_09_29","NO"
"47","F03",48813,"D+L",4,"1nM","10uM","BIC_luc","2017_09_29","NO"
"48","F07",42904,"L",4,"1nM","10uM","BIC_luc","2017_09_29","NO"
"49","F10",7712,"NO treat",4,"0uM","0uM","BIC_luc","2017_09_29","NO"
"50","F11",500433,"Post Cntrl",4,"0","0","BIC_luc","2017_09_29","NO"
"51","F12",14897,"Neg Cntrl",4,"0","0","BIC_luc","2017_09_29","NO"
"52","G09",648,"Blank",1,"0","0","BIC_luc","2017_09_29","NO"
"53","G10",777,"Blank",2,"0","0","BIC_luc","2017_09_29","NO"
"54","G11",890,"Blank",3,"0","0","BIC_luc","2017_09_29","NO"
"55","G12",811,"Blank",4,"0","0","BIC_luc","2017_09_29","NO"
"56","C01",41245,"D",1,"0uM","10uM","ENZ_luc","2017_10_13E","NO"
"57","C10",251,"NO treat",1,"0uM","0uM","ENZ_luc","2017_10_13E","NO"
"58","C11",1184520,"Post Cntrl",1,"0","0","ENZ_luc","2017_10_13E","NO"
"59","C12",8381,"Neg Cntrl",1,"0","0","ENZ_luc","2017_10_13E","NO"
"60","D01",12931,"D",2,"0uM","10uM","ENZ_luc","2017_10_13E","NO"
"61","D10",1315,"NO treat",2,"0uM","0uM","ENZ_luc","2017_10_13E","NO"
"62","D11",1926146,"Post Cntrl",2,"0","0","ENZ_luc","2017_10_13E","NO"
"63","D12",11487,"Neg Cntrl",2,"0","0","ENZ_luc","2017_10_13E","NO"
"64","E01",5658,"D",3,"0uM","10uM","ENZ_luc","2017_10_13E","NO"
"65","E10",2370,"NO treat",3,"0uM","0uM","ENZ_luc","2017_10_13E","NO"
"66","E11",1523141,"Post Cntrl",3,"0","0","ENZ_luc","2017_10_13E","NO"
"67","E12",10847,"Neg Cntrl",3,"0","0","ENZ_luc","2017_10_13E","NO"
"68","F01",5974,"D",4,"0uM","10uM","ENZ_luc","2017_10_13E","NO"
"69","F10",14132,"NO treat",4,"0uM","0uM","ENZ_luc","2017_10_13E","NO"
"70","F11",1024962,"Post Cntrl",4,"0","0","ENZ_luc","2017_10_13E","NO"
"71","F12",10102,"Neg Cntrl",4,"0","0","ENZ_luc","2017_10_13E","NO"
"72","G01",17418,"D+L",1,"1nM","10uM","ENZ_luc","2017_10_13E","NO"
"73","G02",28657,"D+L",2,"1nM","10uM","ENZ_luc","2017_10_13E","NO"
"74","G03",63515,"D+L",3,"1nM","10uM","ENZ_luc","2017_10_13E","NO"
"75","G04",44391,"D+L",4,"1nM","10uM","ENZ_luc","2017_10_13E","NO"
"76","G05",139982,"L",1,"1nM","0uM","ENZ_luc","2017_10_13E","NO"
"77","G06",221479,"L",2,"1nM","0uM","ENZ_luc","2017_10_13E","NO"
"78","G07",121107,"L",3,"1nM","0uM","ENZ_luc","2017_10_13E","NO"
"79","G08",216752,"L",4,"1nM","0uM","ENZ_luc","2017_10_13E","NO"
"80","G10",2406,"Blank",1,"0","0","ENZ_luc","2017_10_13E","NO"
"81","G11",3511,"Blank",2,"0","0","ENZ_luc","2017_10_13E","NO"
"82","G12",2496,"Blank",3,"0","0","ENZ_luc","2017_10_13E","NO"
"83","A08",82794,"L",1,"1nM","0uM","ENZ_luc","2017_12_22","NO"
"84","B08",78227,"L",2,"1nM","0uM","ENZ_luc","2017_12_22","NO"
"85","C01",5478,"D",1,"1nM","10uM","ENZ_luc","2017_12_22","NO"
"86","C07",9140,"D+L",1,"1nM","10uM","ENZ_luc","2017_12_22","NO"
"87","C08",49769,"L",3,"1nM","0uM","ENZ_luc","2017_12_22","NO"
"88","C09",4641,"NO treat",1,"0uM","0uM","ENZ_luc","2017_12_22","NO"
"89","D01",3107,"D",2,"1nM","10uM","ENZ_luc","2017_12_22","NO"
"90","D07",5564,"D+L",2,"1nM","10uM","ENZ_luc","2017_12_22","NO"
"91","D08",48383,"L",4,"1nM","0uM","ENZ_luc","2017_12_22","NO"
"92","D09",4216,"NO treat",2,"0uM","0uM","ENZ_luc","2017_12_22","NO"
"93","D10",418,"Blank",1,"0","0","ENZ_luc","2017_12_22","NO"
"94","D11",6354,"Neg Cntrl",1,"0","0","ENZ_luc","2017_12_22","NO"
"95","D12",788431,"Post Cntrl",1,"0","0","ENZ_luc","2017_12_22","NO"
"96","E01",3153,"D",3,"1nM","10uM","ENZ_luc","2017_12_22","NO"
"97","E07",5002,"D+L",3,"1nM","10uM","ENZ_luc","2017_12_22","NO"
"98","E08",48417,"L",5,"1nM","0uM","ENZ_luc","2017_12_22","NO"
"99","E09",4185,"NO treat",3,"0uM","0uM","ENZ_luc","2017_12_22","NO"
"100","E10",381,"Blank",2,"0","0","ENZ_luc","2017_12_22","NO"
"101","E11",6888,"Neg Cntrl",2,"0","0","ENZ_luc","2017_12_22","NO"
"102","E12",765947,"Post Cntrl",2,"0","0","ENZ_luc","2017_12_22","NO"
"103","F01",3294,"D",4,"1nM","10uM","ENZ_luc","2017_12_22","NO"
"104","F07",5155,"D+L",4,"1nM","10uM","ENZ_luc","2017_12_22","NO"
"105","F08",50428,"L",6,"1nM","0uM","ENZ_luc","2017_12_22","NO"
"106","F09",4262,"NO treat",4,"0uM","0uM","ENZ_luc","2017_12_22","NO"
"107","F10",882,"Blank",3,"0","0","ENZ_luc","2017_12_22","NO"
"108","F11",5982,"Neg Cntrl",3,"0","0","ENZ_luc","2017_12_22","NO"
"109","F12",623642,"Post Cntrl",3,"0","0","ENZ_luc","2017_12_22","NO"
"110","G01",3559,"D",5,"1nM","10uM","ENZ_luc","2017_12_22","NO"
"111","G07",4713,"D+L",5,"1nM","10uM","ENZ_luc","2017_12_22","NO"
"112","G08",49015,"L",7,"1nM","0uM","ENZ_luc","2017_12_22","NO"
"113","G09",4109,"NO treat",5,"0uM","0uM","ENZ_luc","2017_12_22","NO"
"114","G10",373,"Blank",4,"0","0","ENZ_luc","2017_12_22","NO"
"115","G11",5477,"Neg Cntrl",4,"0","0","ENZ_luc","2017_12_22","NO"
"116","G12",620001,"Post Cntrl",4,"0","0","ENZ_luc","2017_12_22","NO"
"117","H01",3533,"D",6,"1nM","10uM","ENZ_luc","2017_12_22","NO"
"118","H07",5996,"D+L",6,"1nM","10uM","ENZ_luc","2017_12_22","NO"
"119","H08",45499,"L",8,"1nM","0uM","ENZ_luc","2017_12_22","NO"
"120","H09",4261,"NO treat",6,"0uM","0uM","ENZ_luc","2017_12_22","NO"
